path	size_bytes	sha256
assets/archive-digital-gallery.jpg	256103	fe84f3cd989e52d5e3c3234f0fc257c1c38ad0c990927af11078b0960eab0d83
assets/archive-digital-gallery.png	2019904	18de20c621dc42b5597201d970e3d935e23fea5867adf028b9510e49f6850cea
assets/brand-mark.svg	600	8eee6c635c250ee77c597edea65a1fe0507fe327d15d3e8e12a377ad53d1f12c
assets/culture-participation-workshop.jpg	292862	83b23ef33952067ad986514fe6bb1ef57eff859a5ac722e3218c99e3746fc5b5
assets/culture-participation-workshop.png	2312944	076e1404630a5da562ffa7d32f38340e55e7326c70bacf59b6cc32ee8f56f76d
assets/dogo-onsen-night.jpg	321676	7d1bf1ea4fbbf8c24abc96fa6bba29c93962c1bc10ef009e69a1d68092034982
assets/dogo-onsen-night.png	2260333	251ce5d11e273e3ab164a93bcf3a0f5ecec2e3f19cf7355a11d443607de56afb
assets/ehime-travel-landscape.jpg	383727	481434ea51c452acf2a37ccbcbd80c33fde5e0867ae8efd7c5f1ec24c03ccbf0
assets/ehime-travel-landscape.png	2540783	e05be54ae67e49d627a85be2534bd9c675b5e07d9fb09aa769cb1e7db3cccdc1
assets/event-stage-lanterns.jpg	284837	e3b41ed1fa04cf973d76dd17c7b8dc4e7170f91b43f7d4b10a11f938fa269faa
assets/event-stage-lanterns.png	2199751	37630e1308adc8aa4751b601ae97bec3c1e723ffd895b750000c90f4e66ef593
assets/family-culture-workshop.jpg	278644	8edd64288e88872e8784d6e9730f938cc781701401b209db2dc8327562381333
assets/family-culture-workshop.png	2201786	c42e0af790de631e5c44ad12cbe920e5391064065ba72eb6aaff7e0a0062a390
assets/hero-ehime-culture-festival.jpg	331469	18c62fa79971080f39cabd135aea5d36ac3ea53e842fc6a6c276b48e74594961
assets/hero-ehime-culture-festival.png	2367008	4c8553d6a326d921dd681f305f2bc5da1b57a87f5a860c70a8f6db3ed1796b2a
assets/inclusive-art-gallery.jpg	284692	1f62a2eda0cc4a3b0e897f5c902e18a023265956ccc7eadd87f49b8dea174e1e
assets/inclusive-art-gallery.png	2218476	c54a363c63612aad466e1c36f62a0a96ac3e68c18b356fdf36da23b1b57135ad
assets/ishizuchi-mountain.jpg	358675	3a467d728b19be3a4ba145c87b4945710f1b3cdd37ecd6f404a3d01031fe99a8
assets/ishizuchi-mountain.png	2515575	f3297316d7f9d1ea0ab4be5d69d97a1eb5d45d65953506ad971843b0261a200a
assets/media-archive-workspace.jpg	270256	93aa94924bd43648dd7d4538a765f51a4cd4642f693e594615a7e1531543c023
assets/media-archive-workspace.png	2113555	7de5ed2966bdba342c695f202a7865f7bc7180c23f076dd63d424a8c4ef3997a
assets/press-media-room.jpg	283634	58b645dbac58eba659594a954584b42d8ffaf5d44310bef86eb1e235621d5b7a
assets/press-media-room.png	2153114	3c0a2a8adf7ce53ec055ca093653c07d7f31372e8d7c3b54e4000719b036b2cf
assets/shimanami-cycling.jpg	342855	cc465ffdc311648e6aa1b987cf1ad2cfafd89d93f60691095a7778ebe426c6f4
assets/shimanami-cycling.png	2421063	407cd77dee0dc832985912314704e062ddf1f0d4029558afda15b0a6b2226c23
assets/sponsor-lp-hero.png	2621641	ebef71842a565fe269228f78cbaf96c127b5e282e717ef0237fcb31c69174192
assets/sponsor-lp-theme-mosaic.png	2732484	5e47f81ec7f939a4609e2eb354e08c04c6db3b7d8be002a61172ad5ad213fa30
assets/sponsor-partnership.jpg	215412	b91c5fd705148d4916f09d5e336985b8b4ec049349932ace97b78de59e6e84a2
assets/sponsor-partnership.png	1912213	8bf8f25bee0bfa71f39d59c7d4483ebd5dfe0869459c1e646ce0a14bb1188f61
assets/tobe-ceramics-workshop.jpg	302119	043d679ff14739e4c718fe999a5034021b00485ba5aa3cf319476835b68e3862
assets/tobe-ceramics-workshop.png	2215069	2d33ac8308040daacb35d83d3fb6a03c28225c08694fe2024ff21e1ef8e32df7
assets/transport-access-hub.jpg	268033	0c708ae39b1a6b71cb4482b2a79acc2abb3d44a7e315283c62b8c6b9007a6e8e
assets/transport-access-hub.png	1955906	3acbec5985cf87d88e0f049b78c21836b20cc1d3ef9ee0c01b3b555ae0e6dd2e
assets/uchiko-ozu-townscape.jpg	351798	0fdc44ecce7ee57c7aeb0e72ce570c04b939b261c5a85423c608f01d91d1e5d1
assets/uchiko-ozu-townscape.png	2463162	07ee952cad66cdcde00b63cc8b367016d6122276518ba99481ea609699a16695
assets/uwajima-sea-culture.jpg	398277	d7a9de4d5f41e717a0249c2d655fee8be10e5e2a0e6cfbbb513c7c7f0513bbb5
assets/uwajima-sea-culture.png	2632976	b98f9a04b3821c5c3ef254248ad091b69c86966e335651efd40af368d4c46494
assets/volunteer-information-desk.jpg	262701	8176302fc5e73c9c10c027176f9f1231e79c2b17ade3611ba15702edcafc98f2
assets/volunteer-information-desk.png	2103671	0f6c29692453d2c73d7c869564d644b3b3b748e1baadcb50aa5e8e25fe30d7a0
